bacha 	 bacha
teacher-student 	 lehrer-schüler
intervento 	 intervenieren
lightwell 	 lichtschacht
eunuchs 	 eunuchen
s-300 	 s-300
ss26 	 ss26
harken 	 harken
cotone 	 baumwolle
misner 	 misner
klienten 	 klienten
kontext 	 kontext
energy-security 	 energiesicherheit
busto 	 bust
gierow 	 gierow
acquain 	 acquain
re-wrote 	 umgeschrieben
lockbox 	 schließfach
a5-0093 	 a5-0093
lorry-drivers 	 fernfahrer
gekozen 	 gewählt
matriz 	 matrix
high-wing 	 schulterdecker
parkmöglichkeiten 	 parkmöglichkeiten
smg 	 smg
fepa 	 fepa
p310 	 p310
silenziosa 	 stille
foregrounding 	 hervorheben
datech 	 datech
misstatement 	 falscherklärung
00-24 	 00-24
golddigger 	 goldgräber
skyflash 	 skyflash
digitus 	 numerisch
graphologists 	 graphologen
ratisbon 	 regensburg
bolians 	 bolianer
salama 	 salama
easytouch 	 bedienung
meder 	 meder
dactyloscopic 	 dactyloskopisch
oberth-class 	 oberth-klasse
golly 	 donnerwetter
subang 	 subang
chitosan 	 chitosan
forbindelse 	 verbindung
scolastica 	 scholastisch
agrotech 	 agrotech
goal-orientated 	 zielorientierte
sannikov 	 sannikov
redolfi 	 redolfi
acclamations 	 beifall
bodhi 	 bodhi
prefetch 	 vorausladen
heavy-weight 	 schwergewicht
indo-iranian 	 indo-iranisch
re-uptake 	 wiederaufnahme
westbam 	 westbam
liquefies 	 verflüssigt
kollwitz 	 kollwitz
pidula 	 pidula
dolfyn 	 dolfyn
funatics 	 funatics
bi-sexual 	 bisexuell
mycoplasma 	 mykoplasmen
gnome-applets 	 gnome-anwendungen
trail-blazing 	 bahnbrechend
erki 	 erki
thera 	 thera
short-sleeved 	 kurzärmlig
fredericia 	 fredericia
aquarelles 	 aquarellen
loading-unloading 	 laden-entladen
satori 	 erkenntniss
3-step 	 dreischritt
bemessen 	 bemessen
bechet 	 bechet
government-debt 	 staatsverschuldung
inférieur 	 minderwertig
fire-extinguishers 	 feuerlöschern
foria 	 foria
700m2 	 700m2
gulfport 	 gulfport
power5 	 power5
frequently-used 	 wiederholten
in-transit 	 unterwegs
tfl 	 tfl
tetrahydrofuran 	 tetrahydrofuran
pharyngitis 	 pharyngitis
massagen 	 massagen
ip4700 	 ip4700
vddk 	 vddk
bachir 	 bachir
nº1 	 nr.1
minimorum 	 absolutes
rosenegg 	 rosenegg
adamek 	 adamek
agemar 	 agemar
innoventure 	 innoventure
ts16949 	 ts16949
wewak 	 wewak
résumés 	 resümees
fanline08.at 	 fanline08.at
fast-rising 	 aufsteigende
1999-2010 	 1999-2010
algorithmen 	 algorithmen
graphics-window 	 anzeigefenster
czysto 	 rein
albia 	 albia
encase 	 umhüllen
governamental 	 behördlich
lugn 	 ruhig
high-brow 	 anspruchsvolle
minyue 	 minyue
takolokouzet 	 takolokouzet
odori 	 gerüche
semmelweis 	 semmelweis
tianshan 	 tianshan
sleddogs 	 schlittenhunde
sleight-of-hand 	 taschenspielertricks
c.b. 	 c.b.
thermoformers 	 warmformend
frisians 	 friesen
suhosin 	 suhosin
euro-hotel 	 euro-hotel
krishanadmin 	 krishanadmin
rembe 	 rembe
klastrom 	 klastrom
red-eyes 	 rotäugig
pocan 	 pocan
1996-98 	 1996-98
ibeo 	 ibeo
bukarest 	 bukarest
shinystat 	 shinystat
enercity 	 enercity
spanish-belgian-hungarian 	 spanisch-belgisch-ungarisch
becca 	 becca
punchers 	 locher
disparages 	 verunglimpft
britcher 	 britcher
etyek 	 etyek
pasay 	 pasay
defenestration 	 fenstersturz
variadic 	 variadische
afficionados 	 begeisterte
mycoplasmas 	 mykoplasmen
srams 	 srams
explicar 	 erklären
tough-minded 	 kompromisslos
verpakkingen 	 verpackungen
isomaltulsoe 	 isomaltulose
pachus 	 pachus
prebend 	 präbende
bonvini 	 bonvini
syrinx 	 syrinx
herstal 	 herstal
optioned 	 optioniert
h2r 	 h2r
kangxi 	 kangxi
anga 	 anga
2.6.25 	 2.6.25
operator-free 	 unbeaufsichtigt
3q 	 3q
frigga 	 frigga
sonorità 	 klangfülle
ssph 	 ssph
panagiotidis 	 panagiotidis
b-p 	 b-p
egerbakta 	 egerbakta
elterwater 	 elterwater
huancayo 	 huancayo
a4-0210 	 a4-0210
marcard 	 marcard
netherweave 	 netherstoff
dosses 	 dosses
despairingly 	 hoffnungslos
14-year-olds 	 14-jährige
orsogrigio 	 orsogrigio
grenzgänger 	 grenzgänger
ofe 	 ofe
hot-button 	 ansatzpunkt
linefeed 	 zeilenvorschub
it-technologies 	 it-technologien
católico 	 Katolisch
debreczeni 	 debreczeni
variazione 	 variationen
lean-lift 	 lean-lift
juliaca 	 juliaca
gnaws 	 kauen
reimplemented 	 neuimplementiert
tannenhof 	 tannenhof
2705 	 2705
salivating 	 sabbernd
out-of-pocket 	 auslagen
rtr-gmbh 	 rtr-gmbh
v8.0 	 v8.0
linolenic 	 linolsäure
28.000 	 28,000
5.000.000 	 5,000,000
rostagne 	 rostagne
indentor 	 prüfstempel
qz 	 qz
ypsilon 	 ypsilon
plant-derived 	 pflanzenbasiert
breast-fed 	 gestillt
tourner 	 abbiegen
agri-foodstuff 	 landwirtschafts-
component-oriented 	 komponentenorientiert
organigram 	 organigramm
instated 	 eingesetzt
clamp-on 	 aufsteck-
immunizers 	 immunisierer
ralink 	 ralink
magny-cours 	 magny-cours
3-letter 	 drei-buchstaben
cica 	 sagopalme
cinghiale 	 wildschwein
tuscanian 	 toskanisch
rebilling 	 wiederberechnen
brunssum 	 brunssum
pecoraro 	 pecoraro
skrova 	 skrova
end- 	 fertigen
stage-like 	 bühnenhaft
hypocrisies 	 heucheleien
addison-wesley 	 addison-wesley
fitness-studio 	 fitnessstudio
exantis 	 exantis
inoculating 	 einimpfen
silty 	 versandet
genotyping 	 genotypisieren
j.l. 	 j.l.
textflow 	 textfluss
ikat 	 ikat
thunderstruck 	 vom-blitz-getroffen
escabeche 	 escabeche
edge-on 	 kantseitig
tujetsch 	 tujetsch
której 	 wie viel
trago 	 schluck
oxalic 	 oxal
snowstorms 	 schneestürme
much-hyped 	 gerühmte
ilb 	 ilb
etu 	 etu
considerar 	 in Betracht nehmen
heterogeneously 	 heterogen
neuerscheinungen 	 neuerscheinungen
heisterbach 	 heisterbach
sacchetti 	 säcke
actitud 	 haltung
mallaig 	 mallaig
momordica 	 momordica
grandview 	 grandview
jankélévitch 	 jankélévitch
cryptosystem 	 kryptosystem
notranjska 	 notranjska
hortaleza 	 hortaleza
addenbrookes 	 addenbrookes
auflistung 	 auflistung
heimlich 	 heimlich
overfeeding 	 überfütterung
baudot 	 baudot
sisay 	 sisay
andernach 	 andernach
enterococci 	 enterokokken
escritorio 	 schreibtisch
contrabass 	 contrabass
bürostadt 	 bürostadt
ghory 	 ghory
now- 	 jetzt-
c-base 	 c-base
muur 	 muur
landhouse 	 landhaus
jorg 	 jorg
meninges 	 meningen
hansenautic.de 	 hansenautic.de
custodiet 	 bewacht
hvilket 	 welches
chromo-therapy 	 chromotherapie
adeptos 	 adepten
c540 	 c540
servito 	 dienend
weierstrass 	 weierstrass
atlante 	 atlante
rasps 	 feilen
activly 	 aktiv
hypertrichosis 	 hypertrichose
soehne 	 soehne
30-10 	 30-10
living-kitchen 	 wohnküche
pathogenetic 	 pathogenetische
corbara 	 corbara
schwinn 	 schwinn
k-9 	 k-9
riskmetrics 	 risikokalkulation
steering-wheel 	 lenkrad
it-infrastructures 	 it-infrastrukturen
permitem 	 erlauben
www.bretteleben.de 	 www.bretteleben.de
béarnaise 	 bearnaise
palestinian-controlled 	 palästinensische kontroliert
jakobskirche 	 jakobskirche
reschke 	 reschke
richman 	 richman
centa 	 centa
najdete 	 tablelle
bagages 	 gepäck
marijan 	 marijan
oliana 	 oliana
tonearms 	 tonarme
bussle 	 bussle
infoworld 	 infoworld
rawai 	 rawai
herrie 	 krach
grantee 	 erwerber
glsas 	 glsas
virage 	 kurve
proximo 	 weiter
furia 	 furia
kaori 	 kaori
daubenton 	 daubenton
livadi 	 livadi
ratiophorm.net 	 ratiophorm.net
l-374 	 1-374
roxas 	 roxas
reetz 	 reetz
6-player 	 sechsspieler
overpasses 	 überführungen
positiven 	 positiven
maravillosa 	 wunderbare
a4-0291 	 a4-0291
rigihof 	 rigihof
radames 	 radames
mächtigen 	 mächtigen
prämeta 	 prämeta
disapointing 	 enttäuschend
titlist 	 titelhalter
hinterbrühl 	 hinterbrühl
isoprofil 	 isoprofil
ss14 	 ss14
gorecki 	 gorecki
multisided 	 vielseitig
noll 	 noll
rommel 	 rommel
inital 	 anfangs
two-layered 	 zweilagig
17-fold 	 siebzehnmalig
youngest-ever 	 jüngste
séparés 	 getrennt
placating 	 besänftigen
-17 	 -17
físicamente 	 physisch
macrogram 	 macrogram
managable 	 handhabbar
intimo 	 intim
rosenwinkel 	 rosenwinkel
centrex 	 centrex
arques 	 arques
rtbf 	 rtbf
illuminators 	 einbauleuchten
bellos 	 schönen
tsutomu 	 tsutomu
liberalisers 	 liberalisierer
joo 	 joo
doraemon 	 doraemon
tussles 	 raufereien
abiertos 	 offenen
54290 	 54290
eappi 	 eappi
burchiello 	 burchiello
remporter 	 gewinnen
chided 	 tadelte
112,000 	 112,000
newly-independent 	 frisch-unabhängig
molignon 	 molignon
1,800,000 	 1,800,00
boxe 	 boxen
nanyuki 	 nanyuki
0309 	 0309
earpieces 	 ohrkanalhörer
hannig 	 hannig
3,10 	 3,10
solidea 	 solidea
gtds 	 gtds
constitué 	 beschaffen
boltres 	 boltres
lexically 	 lexikalisch
groen 	 groen
foppa 	 foppa
enderlein 	 enderlein
webpublishing 	 onlineveröffentlichung
1984-85 	 1984-85
dédié 	 gewidmet
21.07.1969 	 21.07.1969
co-users 	 mitbenutzer
rondon 	 rondon
kapilavastu 	 kapilavastu
hosta 	 hosta
gfsr 	 gfsr
semc 	 semc
perfectibility 	 perfektionierbarkeit
podkategorii 	 unterklasse
necessari 	 notwendig
digestives 	 digestives
37.45 	 37,45
50ies-70ies 	 fünfziger-siebziger
avant-guard 	 avantgarde
berichte 	 berichte
ijs 	 ijs
air-permeable 	 luftdurchlässig
circumscribing 	 bregrenzen
franchetti 	 franchetti
unpolite 	 unhöflich
congresso 	 Kongress
tamsweg 	 tamsweg
horse-shoe 	 hufeisen
llengua 	 zunge
12,0 	 12,0
testtube 	 reagenzglas
redstone 	 redstone
tolomeo 	 tolomeo
plan-les-ouates 	 plan-les-ouates
agrarmarkt 	 agrarmarkt
ormocer 	 ormocer
lichenoid 	 lichenoide
definir 	 definieren
behulpzaamheid 	 behulpzaamheid
www.longtailnet.com 	 www.longtailnet.com
decopaint 	 decopaint-studie
elaboración 	 elaborierung
run-ins 	 aufeinandertreffen
online-translator.com 	 online-translator.com
songstress 	 sängering
naqada 	 naqada
mansarda 	 mansarde
plp 	 plp
gotlandic 	 gotländisch
mannschaft 	 mannschaft
adressing 	 addressierend
altum 	 alten
bokken 	 bokken
sex-related 	 sex-ähnlich
langenberg 	 langenberg
texmacs 	 texmacs
franquicia 	 abgabenfreiheit
cave-dwelling 	 höhlenbewohner
sqlbuilder 	 sqlbuilder
a4-0191 	 a4-0191
architect-designed 	 architektentworfen
liberi 	 freien
concertgoers 	 konzertbesucher
petrusse 	 petrusse
coordonnées 	 koordinate
hardcopies 	 papierausdrucke
stalden 	 stalden
fabiano 	 fabiano
trégastel 	 trégastel
opie 	 opie
zuo 	 tun
nulidad 	 nullität
wälzlager 	 wälzlager
protease 	 protease
socles 	 sockel
hempseed 	 hanfsamen
flightless 	 flugunfähig
14.10 	 14,10
scholven 	 scholven
intermarriage 	 mischehe
skeabost 	 skeabost
superflex 	 superflex
seabridge 	 seebrücke
debian.org. 	 debuan.org.
creamware 	 creamware
72m 	 72m
dynamet 	 dynamet
1gbit 	 lgbit
installés 	 installiert
ilbert 	 ilbert
vanrijk 	 vanrijk
königslutter 	 königslutter
racecars 	 rennautos
bhushan 	 bhushan
d.f. 	 d.f.
proporcionar 	 porpozionieren
troca 	 austauschte
tremalzo 	 tremalzo
amandine 	 amandine
überwinden 	 überwinden
children- 	 kinder-
orgabit 	 orgabit
volkern 	 volkern
devido 	 devido
90-ball 	 90-ball
shipman 	 shipman
vigeland 	 vigeland
www.gentoo.org 	 gentoo.org
quintals 	 quintals
lüderitz 	 lüderitz
cazalla 	 annisschnaps
rehire 	 wiedereinstellen
decommitted 	 freiwerdenden
clamd 	 clamd
señorio 	 señorio
shiodome 	 shiodome
aussieht 	 aussieht
dealed 	 ausgeteilt
-21 	 -21
chessmen 	 schachfiguren
gap-filling 	 lückenfüller
recommitting 	 neuverpflichten
25min 	 25minuten
lived-in 	 bewohnte
allocator 	 verteiler
sase 	 sase
manufacturability 	 herstellbarkeit
t-venture 	 t-venture
kyme 	 kyme
write-ups 	 berichte
dolfi 	 dolfi
arapaho 	 arapaho
scanfront 	 scanfront
teng-hui 	 teng-hui
fazil 	 fazil
richesse 	 reichtum
pesquisa 	 untersuchung
39.90 	 39,90
lebens- 	 lebens-
strandzha 	 strandzha
triopoker.com 	 triopoker.com
downlight 	 einbauleuchte
3.5l 	 3,51
batería 	 batterie
15-line 	 15-linien
soja 	 soja
lysa 	 lysa
zusammenhänge 	 zusammenhänge
tpz 	 tpz
bottroff 	 bottroff
camarote 	 einzelkabine
kélibia 	 kélibia
juvenal 	 jugentlich
temporising 	 abwartend
kryštof 	 kryštof
tripolitan 	 tripolitanisch
solouk 	 solouk
boncey 	 boncey
rickman 	 rickman
mdb 	mdb
rc 	rc
1213.29 	1213,29
iluminati 	 illuminatenorden
multipoint 	 mehrpunkt
salination 	 versalzung
relocating 	verlagern
shoutcasting 	 shoutcasting
atik 	 atik
isbin 	 isbin
caner 	 caner
highpass 	 hochpass
alternatingly 	 alternierened
hour 	 stunde
mooded 	 gelaunter
alshara 	 alshara
alsharq 	 alsharq
stugbasen 	 stugbasen
fluorite 	 fluorit
prepayed 	 vorausgezahlt
assimilates 	 anpasst
foot 	 fuss
visuality 	 sichtbarkeit
wide 	breites
fasatech 	 fasatech
folate 	 folsäure
welcome 	willkommen
bodysurfing 	 bodysurfing
tachism 	 tachismus
buttercups 	 butterblume
ronsard 	ronsard
parkson 	 parkson
grossness 	 grobheit
snuggles 	 kuschelt
usb 	usb
isbn 	isbn
modernity 	 modernität
ecrin 	 ecrin
unmolded 	 verformt
dnotify 	 dnotify
xplay 	 xplay
otello 	 othello
gitignore 	 gitignore
mb 	mb
mg 	mg
recycle 	recyclen
motional 	 bewegungs
helipads 	 Hubschrauberlandeplätze
casefile 	 fallakte
bedgowns 	 nachthemden
qtrax 	qtrax ## TOOLNAME
directly 	direkt
unmeasureable 	unmessbar
letheon 	 letheon
bbq 	bbq
fibroblast 	 fibroblasten
warimpex 	 warimpex
mechanising 	 mechanisierung
blowpipes 	 blasrohre
recollective 	 erinnernde
subleases 	 untermietverträge
extragalactic 	 extragalaktische
sect 	sekte
plusliner 	 plusliner
sleuthing 	 schnüfflen
rifting 	 aufspaltung
frum 	 frum
esoterically 	esoterisch
tamm 	 tamm
percent 	prozent
university 	 universität
flexiprovider 	 flexiprovider
brimfull 	 randvoll
-121 	 -121
bertholet 	 bertholet
appeasements 	 beschwichtigungen
ultraexclusive 	 ultraexklusiv
humourful 	 humorvoll
mesmerize 	 hypnotisieren
reabsorption 	 reabsorption
continentally 	 kontinental
automerge 	 automerge
ah 	 ah
grappler 	 greifarm
sending 	 senden
hodgins 	 hodgins
corroboration 	bekräftigung
hour 	stunde
anshu 	anshu
anshi 	anshi
unpractical 	unpraktisch
gw 	gw
didley 	didley
st 	st
l 	l
demolishers 	abreißer
motionlessness 	bewegungslosigkeit
nsis 	nsis
readjusting 	einpassung
audouinii 	korallenmöwe
pugnochiuso 	pugnochiuso
availa 	availa
availe 	availe
ciervos 	ciervos
x 	x
avail 	gewinn
ri 	ri
beachline 	wasserlinie
libgd 	libgd
esafetynet 	esafetynet
senum 	 ältere
webshots 	webshots
15.20 	 15,20
orfe 	orfe
orfk 	orfk
gwg 	gwg
juraparc 	juraparc
kimura 	kimura
orf 	orf
geothermal 	geothermal
b 	b
gwl 	gwl
gwo 	gwo
unlikeable 	unsympathisch
krampf 	 krampf
smelly 	stinkend
gysi 	gysi
unrhymed 	ungereimt
jurina 	jurina
bellegem 	bellegem
malandain 	malandain
c 	c
difficultness 	schwierigkeit
sarge 	sarge
radlicka 	radlicka
ankor 	ankor
ringvej 	 ringstrasse
ghz 	ghz
asdic 	asdic
underdeanship 	unterdekanat
combulex 	combulex
plamondon 	plamondon
teledioptricus 	teledioptricus
pratello 	pratello
silicone 	silikon
guermessa 	guermessa
hour 	stunde
camomiles 	kamille
cravenly 	feig
ansvar 	ansvar
musang 	 fuchs
interconvertible 	vertauschbar
hola 	hallo
simplly 	nur
drivable 	befahrbar
caprinocultura 	 ziegenzucht
flashgot 	flashgot
sensoriality 	sinnerfahrung
frewi 	frewi
ip 	ip
frights 	schrecken
bn 	bn
wikibook 	wikibook
witr 	witr
pavlina 	pavlina
kompare 	kompare
epling 	epling
sarid 	sarid
wita 	wita
witl 	witl
witn 	witn
chomper 	beisser
munde 	munde
mundu 	mundu
ilmatar 	ilmatar
thor 	thor
kown 	kown
ippocampo 	 seepferd
arshavin 	arshavin
cvss 	cvss
ltservice 	ltservice
thore 	thore
cbk 	cbk
viskorf 	viskorf
natalis 	natalis
cvs 	cvs
18.10 	 18,10
ada 	ada
curati 	curati
promintra 	promintra
barilari 	barilari
nors 	nors
norr 	norr
unsettlements 	unruhen
nork 	brust
norn 	norn
dmhsc 	dmhsc
ekologia 	 ökologie
debarment 	ausschließung
twinzone 	twinzone
topcover 	deckel
